{"age": 30, "region": {"x": 322, "y": 1151, "w": 46, "h": 46}, "gender": "Man", "race": {"asian": 1.5873377226196361, "indian": 5.688714947623906, "black": 5.743149637767651, "white": 32.59332970341025, "middle eastern": 39.64149592170095, "latino hispanic": 14.745967969058034}, "dominant_race": "middle eastern", "emotion": {"angry": 0.007929841158893268, "disgust": 4.845243420088463e-10, "fear": 0.006398661172456453, "happy": 98.83163585285713, "sad": 0.004223597212698829, "surprise": 0.020204148815357082, "neutral": 1.129600457298701}, "dominant_emotion": "happy"}